doi,citations
10.8298/80982107919,55
10.385/10938971309,1
10.22341/9827e9278,23
10.27862/73uf7,899
